Date,Open,High,Low,Close,% Change,% Change vs Average,Volume
1969-12-01T05:00:00.000Z,785.97,800.36,783.79,800.36,,-0.6918,0
1970-01-01T05:00:00.000Z,809.2,819.23,739.11,744.06,-7.03,-7.73,"2,210,900"
1970-02-02T05:00:00.000Z,744.06,784.19,738.78,777.59,4.51,3.81,"2,283,800"
1970-03-02T05:00:00.000Z,777.59,803.26,757.99,785.57,1.03,0.3344,"2,128,800"
1970-04-01T05:00:00.000Z,785.57,798.84,716.74,736.07,-6.3,-6.99,"2,231,200"
1970-05-01T04:00:00.000Z,736.07,740.76,627.46,700.44,-4.84,-5.53,"2,582,200"
1970-06-01T04:00:00.000Z,700.44,728.23,674.9,683.53,-2.41,-3.11,"2,264,200"
1970-07-01T04:00:00.000Z,683.53,743.36,665.32,734.12,7.4,6.71,"2,277,400"
1970-08-03T04:00:00.000Z,734.12,772.04,702.83,764.58,4.15,3.46,"2,186,900"
1970-09-01T04:00:00.000Z,764.58,778.27,741.51,760.68,-0.5101,-1.2,"3,032,900"
1970-10-01T04:00:00.000Z,760.68,791.07,746.71,755.61,-0.6665,-1.36,"2,613,700"
1970-11-02T05:00:00.000Z,755.61,797.51,749.52,794.09,5.09,4.4,"2,302,900"
1970-12-01T05:00:00.000Z,794.09,848.23,787.45,838.92,5.65,4.95,"3,352,400"
1971-01-01T05:00:00.000Z,838.92,873.84,826.53,868.5,3.53,2.83,"3,484,900"
1971-02-01T05:00:00.000Z,868.5,898.14,861.99,878.83,1.19,0.4976,"3,711,900"
1971-03-01T05:00:00.000Z,878.83,922.3,873.22,904.37,2.91,2.21,"3,898,800"
1971-04-01T05:00:00.000Z,904.37,958.12,897.48,941.75,4.13,3.44,"4,015,800"
1971-05-03T04:00:00.000Z,941.75,948.85,898.61,907.81,-3.6,-4.3,"3,073,600"
1971-06-01T04:00:00.000Z,907.81,929.6,866.31,891.14,-1.84,-2.53,"3,035,900"
1971-07-01T04:00:00.000Z,891.14,908.81,854.41,858.43,-3.67,-4.36,"2,652,400"
1971-08-02T04:00:00.000Z,858.43,917.79,834.92,898.07,4.62,3.93,"3,205,200"
1971-09-01T04:00:00.000Z,898.07,925.67,877.48,887.19,-1.21,-1.9,"2,527,200"
1971-10-01T04:00:00.000Z,887.19,910.56,827.83,839,-5.43,-6.12,"2,800,800"
1971-11-01T05:00:00.000Z,839,855.21,790.67,831.34,-0.913,-1.6,"2,764,100"
1971-12-01T05:00:00.000Z,831.34,902.47,831.12,890.2,7.08,6.39,"3,776,800"
1972-01-03T05:00:00.000Z,890.2,923.99,882.75,902.17,1.34,0.6528,"3,794,900"
1972-02-01T05:00:00.000Z,902.17,933.25,894.34,928.13,2.88,2.19,"3,762,600"
1972-03-01T05:00:00.000Z,928.13,957.03,924.14,940.7,1.35,0.6625,"4,036,500"
1972-04-03T05:00:00.000Z,940.7,977.72,933.62,954.17,1.43,0.7401,"3,679,900"
1972-05-01T04:00:00.000Z,954.17,979.46,917.37,960.72,0.6865,-0.0054,"3,358,500"
1972-06-01T04:00:00.000Z,960.72,967.72,917.75,929.03,-3.3,-3.99,"3,145,100"
1972-07-03T04:00:00.000Z,929.03,955.45,900.06,924.74,-0.4618,-1.15,"2,889,000"
1972-08-01T04:00:00.000Z,924.74,980.36,922.03,963.73,4.22,3.52,"3,569,300"
1972-09-01T04:00:00.000Z,963.73,977.35,927.15,953.27,-1.09,-1.78,"2,461,900"
1972-10-02T04:00:00.000Z,953.27,964.1,917.07,955.52,0.236,-0.4558,"3,173,000"
1972-11-01T05:00:00.000Z,955.52,1029.73,955.3,1018.21,6.56,5.87,"4,055,700"
1972-12-01T05:00:00.000Z,1018.21,1042.44,996.09,1020.02,0.1778,-0.5141,"3,447,300"
1973-01-01T05:00:00.000Z,1022.88,1067.2,988.11,999.02,-2.06,-2.75,"3,937,500"
1973-02-01T05:00:00.000Z,999.02,1019.94,938.82,955.07,-4.4,-5.09,"3,181,900"
1973-03-01T05:00:00.000Z,955.07,985.25,911.12,951.01,-0.4251,-1.12,"3,434,000"
1973-04-02T05:00:00.000Z,951.01,975.32,907.51,921.43,-3.11,-3.8,"2,779,900"
1973-05-01T04:00:00.000Z,921.43,965.16,875.45,901.41,-2.17,-2.86,"3,372,600"
1973-06-01T04:00:00.000Z,901.41,935.58,864.46,891.71,-1.08,-1.77,"2,687,000"
1973-07-02T04:00:00.000Z,890.2,944.08,863.94,926.4,3.89,3.2,"3,077,800"
1973-08-01T04:00:00.000Z,924.37,924.37,845.5,887.57,-4.19,-4.88,"2,744,600"
1973-09-03T04:00:00.000Z,887.57,964.55,873.34,947.1,6.71,6.02,"3,290,700"
1973-10-01T04:00:00.000Z,947.1,997.59,937.69,956.58,1,0.3091,"4,229,000"
1973-11-01T05:00:00.000Z,956.58,963.8,810.36,822.25,-14.04,-14.73,"3,999,000"
1973-12-03T05:00:00.000Z,820.51,861.09,783.56,850.86,3.48,2.79,"3,843,800"
1974-01-01T05:00:00.000Z,850.86,890.38,816.57,855.55,0.5512,-0.1406,"3,631,500"
1974-02-01T04:00:00.000Z,855.55,871.4,802.17,860.53,0.5821,-0.1098,"2,568,100"
1974-03-01T04:00:00.000Z,860.53,904.02,841.76,846.68,-1.61,-2.3,"3,096,000"
1974-04-01T04:00:00.000Z,846.68,875.94,818.68,836.75,-1.17,-1.86,"2,542,700"
1974-05-01T04:00:00.000Z,836.75,870.38,788.8,802.17,-4.13,-4.82,"2,751,500"
1974-06-03T04:00:00.000Z,802.17,865.54,796.46,802.41,0.0299,-0.6619,"2,453,400"
1974-07-01T04:00:00.000Z,802.41,811.95,751.13,757.43,-5.61,-6.3,"2,740,900"
1974-08-01T04:00:00.000Z,757.43,803.43,651.6,678.58,-10.41,-11.1,"2,801,000"
1974-09-02T04:00:00.000Z,678.58,686.48,598.8,607.87,-10.42,-11.11,"2,800,500"
1974-10-01T04:00:00.000Z,607.87,689.3,573.22,665.52,9.48,8.79,"3,771,000"
1974-11-01T05:00:00.000Z,665.52,692.82,599.81,618.66,-7.04,-7.73,"2,867,900"
1974-12-02T05:00:00.000Z,616.08,619.84,570.01,616.24,-0.3912,-1.08,"3,151,500"
1975-01-01T05:00:00.000Z,619.13,717.3,619.13,703.69,14.19,13.5,"4,325,500"
1975-02-03T05:00:00.000Z,703.69,757.35,695.24,739.05,5.02,4.33,"4,236,400"
1975-03-03T04:00:00.000Z,739.05,796.93,731.46,768.15,3.94,3.25,"4,536,100"
1975-04-01T04:00:00.000Z,768.15,835.18,736.62,821.34,6.92,6.23,"4,513,500"
1975-05-01T04:00:00.000Z,821.34,868.58,807.96,832.29,1.33,0.6413,"4,574,900"
1975-06-02T04:00:00.000Z,835.73,884.62,811.23,878.99,5.61,4.92,"4,470,000"
1975-07-01T04:00:00.000Z,878.99,888.85,819.15,831.51,-5.4,-6.09,"4,416,800"
1975-08-01T04:00:00.000Z,831.51,844.02,785.75,835.34,0.4606,-0.2312,"2,814,700"
1975-09-01T04:00:00.000Z,835.34,849.03,789.66,793.88,-4.96,-5.66,"2,751,200"
1975-10-01T04:00:00.000Z,793.88,859.57,780.54,836.04,5.31,4.62,"3,655,400"
1975-11-03T05:00:00.000Z,836.04,865.79,821.08,860.67,2.95,2.25,"3,188,100"
1975-12-01T05:00:00.000Z,860.67,866.11,812.81,852.41,-0.9597,-1.65,"3,489,700"
1976-01-01T05:00:00.000Z,852.41,985.99,848.63,975.28,14.41,13.72,"6,358,300"
1976-02-02T05:00:00.000Z,975.28,1002.83,946.16,972.61,-0.2738,-0.9656,"5,961,300"
1976-03-01T05:00:00.000Z,972.61,1018.03,964.18,999.45,2.76,2.07,"5,296,000"
1976-04-01T05:00:00.000Z,999.45,1017.71,963,996.85,-0.2601,-0.952,"3,922,600"
1976-05-03T04:00:00.000Z,995.83,1015.82,955.84,975.23,-2.17,-2.86,"3,559,100"
1976-06-01T04:00:00.000Z,975.23,1012.93,951.7,1002.78,2.82,2.13,"4,172,300"
1976-07-01T04:00:00.000Z,1002.78,1017.93,974.2,984.64,-1.81,-2.5,"3,937,600"
1976-08-02T04:00:00.000Z,984.64,1004.74,954.12,973.74,-1.11,-1.8,"3,466,800"
1976-09-01T04:00:00.000Z,973.74,1026.26,971.24,990.19,1.69,0.9975,"4,147,500"
1976-10-01T04:00:00.000Z,990.19,995.6,928.2,964.93,-2.55,-3.24,"3,613,900"
1976-11-01T05:00:00.000Z,964.93,971.99,917.89,947.22,-1.84,-2.53,"3,810,200"
1976-12-01T05:00:00.000Z,947.22,1006.82,942.24,1004.65,6.06,5.37,"5,345,500"
1977-01-03T05:00:00.000Z,1004.65,1007.81,944.9,954.37,-5,-5.7,"5,016,200"
1977-02-01T05:00:00.000Z,954.37,963.76,926.03,936.42,-1.88,-2.57,"3,984,400"
1977-03-01T05:00:00.000Z,936.42,971.58,914.15,919.13,-1.85,-2.54,"4,346,900"
1977-04-01T05:00:00.000Z,919.55,956.07,909.74,926.9,0.8454,0.1535,"4,030,600"
1977-05-02T04:00:00.000Z,931.22,949.46,892.55,898.66,-3.05,-3.74,"4,258,200"
1977-06-01T04:00:00.000Z,898.66,934.36,896.46,916.3,1.96,1.27,"4,851,500"
1977-07-01T04:00:00.000Z,916.3,927.84,878.81,890.07,-2.86,-3.55,"4,524,800"
1977-08-01T04:00:00.000Z,890.07,900.03,844.42,861.49,-3.21,-3.9,"4,336,500"
1977-09-01T04:00:00.000Z,861.49,879.76,830.3,847.11,-1.67,-2.36,"3,836,700"
1977-10-03T04:00:00.000Z,847.11,855.77,792.79,818.35,-3.4,-4.09,"4,134,700"
1977-11-01T05:00:00.000Z,816.01,850.05,794.53,829.7,1.39,0.6951,"4,946,800"
1977-12-01T05:00:00.000Z,829.7,835.15,800.42,831.17,0.1772,-0.5147,"4,509,700"
1978-01-02T05:00:00.000Z,830.47,830.47,759.44,769.92,-7.37,-8.06,"4,281,400"
1978-02-01T05:00:00.000Z,769.92,787.42,739.17,742.12,-3.61,-4.3,"3,686,000"
1978-03-01T05:00:00.000Z,742.12,777.81,736.75,757.36,2.05,1.36,"4,975,800"
1978-04-03T05:00:00.000Z,756.67,846.15,747.05,837.32,10.56,9.87,"6,956,000"
1978-05-01T04:00:00.000Z,837.32,865.64,813.84,840.61,0.3929,-0.2989,"7,757,500"
1978-06-01T04:00:00.000Z,840.61,879.33,807.95,818.95,-2.58,-3.27,"6,662,900"
1978-07-03T04:00:00.000Z,818.95,866.34,800.94,862.27,5.29,4.6,"5,414,900"
1978-08-01T04:00:00.000Z,862.27,911.21,855.34,876.82,1.69,0.9956,"8,649,500"
1978-09-01T04:00:00.000Z,876.82,917.27,850.92,865.82,-1.25,-1.95,"6,722,900"
1978-10-02T04:00:00.000Z,865.82,909.39,782.05,792.45,-8.47,-9.17,"6,823,400"
1978-11-01T05:00:00.000Z,805.53,831.69,779.11,799.03,0.8303,0.1385,"5,146,100"
1978-12-01T05:00:00.000Z,801.98,829.87,781.01,805.01,0.7484,0.0566,"4,924,400"
1979-01-01T05:00:00.000Z,805.01,865.04,798.51,839.22,4.25,3.56,"6,157,300"
1979-02-01T05:00:00.000Z,839.22,843.99,802.23,808.82,-3.62,-4.31,"4,757,100"
1979-03-01T05:00:00.000Z,808.82,876.99,807.26,862.18,6.6,5.91,"6,498,000"
1979-04-02T05:00:00.000Z,859.93,884.62,847.28,854.9,-0.8444,-1.54,"6,206,500"
1979-05-01T04:00:00.000Z,854.9,863.22,815.14,822.33,-3.81,-4.5,"6,237,400"
1979-06-01T04:00:00.000Z,822.33,853.86,817.74,841.98,2.39,1.7,"7,357,100"
1979-07-02T04:00:00.000Z,840.61,857,818,846.42,0.5273,-0.1645,"6,807,400"
1979-08-01T04:00:00.000Z,846.42,893.6,839.08,887.63,4.87,4.18,"8,250,500"
1979-09-03T04:00:00.000Z,887.63,902.13,857.85,878.58,-1.02,-1.71,"7,139,400"
1979-10-01T04:00:00.000Z,877.73,904.86,795.99,815.7,-7.16,-7.85,"8,579,300"
1979-11-01T05:00:00.000Z,815.7,838.57,792.24,822.35,0.8153,0.1234,"6,536,500"
1979-12-03T05:00:00.000Z,822.35,851.54,814.76,838.74,1.99,1.3,"7,102,100"
1980-01-01T05:00:00.000Z,838.74,897.88,809.05,875.84,4.42,3.73,"11,582,400"
1980-02-01T05:00:00.000Z,875.84,918.17,847.27,863.14,-1.45,-2.14,"9,565,300"
1980-03-03T05:00:00.000Z,863.14,868.69,729.95,785.75,-8.97,-9.66,"8,764,500"
1980-04-01T05:00:00.000Z,785.75,818.52,751.37,817.06,3.98,3.29,"6,741,400"
1980-05-01T04:00:00.000Z,817.06,866.13,795.81,850.84,4.13,3.44,"7,649,200"
1980-06-02T04:00:00.000Z,850.84,896.33,840.7,867.92,2.01,1.32,"8,296,600"
1980-07-01T04:00:00.000Z,867.92,946.94,862.63,935.31,7.76,7.07,"10,217,700"
1980-08-01T04:00:00.000Z,935.31,972.34,918.52,932.59,-0.2908,-0.9827,"9,656,600"
1980-09-01T04:00:00.000Z,932.59,980.72,918,932.42,-0.0182,-0.7101,"10,577,100"
1980-10-01T04:00:00.000Z,932.42,987.3,911.59,924.48,-0.8515,-1.54,"10,317,900"
1980-11-03T05:00:00.000Z,924.48,1009.39,924.48,993.34,7.45,6.76,"9,881,100"
1980-12-01T05:00:00.000Z,991.13,991.13,895.45,963.98,-2.96,-3.65,"10,256,500"
1981-01-01T05:00:00.000Z,963.98,1013.14,930.89,947.27,-1.73,-2.43,"9,555,200"
1981-02-02T05:00:00.000Z,947.09,980.88,923.89,974.58,2.88,2.19,"8,163,100"
1981-03-02T05:00:00.000Z,974.58,1021.81,955.7,1003.87,3.01,2.31,0
1981-04-01T05:00:00.000Z,1003.87,1030.98,981.81,997.75,-0.6096,-1.3,0
1981-05-01T04:00:00.000Z,997.75,1005.22,956.69,991.75,-0.6014,-1.29,0
1981-06-01T04:00:00.000Z,991.75,1023.02,972.7,976.88,-1.5,-2.19,0
1981-07-01T04:00:00.000Z,976.88,978.98,918.66,952.34,-2.51,-3.2,0
1981-08-03T04:00:00.000Z,952.34,961.47,879.09,881.47,-7.44,-8.13,0
1981-09-01T04:00:00.000Z,881.47,892.41,807.45,849.98,-3.57,-4.26,0
1981-10-01T04:00:00.000Z,849.98,885.84,823.63,852.55,0.3024,-0.3895,0
1981-11-02T05:00:00.000Z,855.97,892.8,834.57,888.98,4.27,3.58,0
1981-12-01T05:00:00.000Z,888.98,898.5,862.81,875,-1.57,-2.26,0
1982-01-01T05:00:00.000Z,875,887.38,832.56,871.09,-0.4469,-1.14,0
1982-02-01T05:00:00.000Z,866.34,866.34,802.23,824.39,-5.36,-6.05,0
1982-03-01T05:00:00.000Z,824.39,840.66,786.16,822.77,-0.1965,-0.8883,0
1982-04-01T05:00:00.000Z,822.77,871.19,820.48,848.36,3.11,2.42,0
1982-05-03T04:00:00.000Z,848.36,876.52,815.55,819.55,-3.4,-4.09,0
1982-06-01T04:00:00.000Z,819.55,824.3,784.25,811.94,-0.9286,-1.62,0
1982-07-01T04:00:00.000Z,811.94,843.8,787.39,808.59,-0.4126,-1.1,0
1982-08-02T04:00:00.000Z,808.59,910.95,769.98,901.31,11.47,10.78,0
1982-09-01T04:00:00.000Z,901.31,951.16,888.7,896.25,-0.5614,-1.25,0
1982-10-01T04:00:00.000Z,896.25,1046.08,892.02,991.07,10.58,9.89,0
1982-11-01T05:00:00.000Z,990.8,1072.01,983.71,1039.28,4.86,4.17,0
1982-12-01T05:00:00.000Z,1043.22,1074.32,988.59,1046.55,0.6992,0.0074,0
1983-01-03T05:00:00.000Z,1048.92,1100.07,1020.23,1075.69,2.78,2.09,0
1983-02-01T05:00:00.000Z,1076.88,1130.51,1051.78,1112.62,3.43,2.74,0
1983-03-01T05:00:00.000Z,1113.09,1152.09,1108.55,1129.93,1.56,0.8639,0
1983-04-01T05:00:00.000Z,1129.84,1228.04,1104.68,1226.19,8.52,7.83,0
1983-05-02T04:00:00.000Z,1226.01,1240.52,1176.86,1200.08,-2.13,-2.82,0
1983-06-01T04:00:00.000Z,1200.08,1251.2,1180.89,1221.35,1.77,1.08,0
1983-07-01T04:00:00.000Z,1221.35,1252.9,1183.79,1199.21,-1.81,-2.5,0
1983-08-01T04:00:00.000Z,1199.82,1216.15,1156.45,1216.15,1.41,0.7208,0
1983-09-01T04:00:00.000Z,1215.75,1264.74,1205.28,1233.12,1.4,0.7035,0
1983-10-03T04:00:00.000Z,1232.42,1284.65,1219.82,1225.2,-0.6423,-1.33,0
1983-11-01T05:00:00.000Z,1225.41,1291.67,1213.21,1276.01,4.15,3.46,0
1983-12-01T05:00:00.000Z,1275.81,1279.37,1236.38,1258.63,-1.36,-2.05,0
1984-01-02T05:00:00.000Z,1257.72,1291.87,1215.45,1220.57,-3.02,-3.72,0
1984-02-01T05:00:00.000Z,1220.79,1223.2,1117.88,1154.62,-5.4,-6.1,0
1984-03-01T05:00:00.000Z,1154.31,1191.48,1136.1,1164.26,0.8349,0.1431,0
1984-04-02T05:00:00.000Z,1165.2,1177.76,1120.39,1170.74,0.5566,-0.1353,0
1984-05-01T04:00:00.000Z,1170.96,1188.23,1086.85,1104.84,-5.63,-6.32,0
1984-06-01T04:00:00.000Z,1105.17,1140.24,1082.05,1132.39,2.49,1.8,0
1984-07-02T04:00:00.000Z,1132.18,1136.15,1082.16,1115.28,-1.51,-2.2,0
1984-08-01T04:00:00.000Z,1115.72,1248.01,1115.39,1224.38,9.78,9.09,0
1984-09-03T04:00:00.000Z,1224.27,1244.15,1195.01,1206.71,-1.44,-2.14,0
1984-10-01T04:00:00.000Z,1206.71,1237.96,1161.44,1207.37,0.0547,-0.6371,0
1984-11-01T05:00:00.000Z,1207.71,1244.14,1184.19,1188.93,-1.53,-2.22,0
1984-12-03T05:00:00.000Z,1189.16,1220.19,1157.46,1211.57,1.9,1.21,0
1985-01-01T05:00:00.000Z,1210.14,1300.02,1180.99,1286.76,6.21,5.51,0
1985-02-01T05:00:00.000Z,1285.56,1303.11,1268.88,1284,-0.2145,-0.9063,0
1985-03-01T05:00:00.000Z,1284.01,1305.87,1246.8,1266.78,-1.34,-2.03,0
1985-04-01T05:00:00.000Z,1267.01,1287.1,1250.11,1258.05,-0.6891,-1.38,0
1985-05-01T04:00:00.000Z,1257.95,1316.87,1240.72,1315.41,4.56,3.87,0
1985-06-03T04:00:00.000Z,1315.19,1336.13,1288.42,1335.23,1.51,0.8149,0
1985-07-01T04:00:00.000Z,1335.34,1367.61,1320.45,1347.44,0.9144,0.2226,0
1985-08-01T04:00:00.000Z,1348.9,1356.52,1306,1334.01,-0.9967,-1.69,0
1985-09-02T04:00:00.000Z,1334.01,1341.4,1289.31,1328.62,-0.404,-1.1,0
1985-10-01T04:00:00.000Z,1327.61,1378.14,1319.89,1374.3,3.44,2.75,0
1985-11-01T05:00:00.000Z,1374.08,1483.03,1372.13,1472.12,7.12,6.43,0
1985-12-02T05:00:00.000Z,1472.25,1563.76,1453.44,1546.67,5.06,4.37,0
1986-01-01T05:00:00.000Z,1546.67,1577.29,1497.71,1570.98,1.57,0.8799,0
1986-02-03T05:00:00.000Z,1571.1,1720.53,1568.81,1709.05,8.79,8.1,0
1986-03-03T05:00:00.000Z,1708.49,1841.24,1671.98,1818.61,6.41,5.72,0
1986-04-01T05:00:00.000Z,1818.37,1861.91,1718.15,1783.98,-1.9,-2.6,0
1986-05-01T04:00:00.000Z,1783.73,1895.2,1751.86,1876.7,5.2,4.51,0
1986-06-02T04:00:00.000Z,1876.21,1907.6,1823.47,1892.7,0.8526,0.1607,0
1986-07-01T04:00:00.000Z,1893.1,1922.7,1741.6,1775.3,-6.2,-6.89,0
1986-08-01T04:00:00.000Z,1778.7,1918.6,1730.6,1898.3,6.93,6.24,0
1986-09-01T04:00:00.000Z,1898.3,1933.4,1733,1767.6,-6.89,-7.58,0
1986-10-01T04:00:00.000Z,1792.3,1894.7,1761.3,1877.8,6.23,5.54,0
1986-11-03T05:00:00.000Z,1884.6,1926.5,1797.1,1914.2,1.94,1.25,0
1986-12-01T05:00:00.000Z,1888.2,1971.7,1880.5,1896,-0.9508,-1.64,0
1987-01-01T05:00:00.000Z,1913.1,2214.6,1897.4,2158,13.82,13.13,0
1987-02-02T05:00:00.000Z,2163.1,2266.5,2134.4,2224,3.06,2.37,0
1987-03-02T05:00:00.000Z,2215,2399.6,2209.1,2304.7,3.63,2.94,0
1987-04-01T05:00:00.000Z,2297.4,2428.4,2180.5,2286.4,-0.794,-1.49,0
1987-05-01T04:00:00.000Z,2300.7,2380.8,2188.5,2291.6,0.2274,-0.4644,0
1987-06-01T04:00:00.000Z,2297.2,2466,2260.6,2418.5,5.54,4.85,0
1987-07-01T04:00:00.000Z,2404,2588.3,2391.3,2572.1,6.35,5.66,0
1987-08-03T04:00:00.000Z,2565.1,2746.7,2526,2663,3.53,2.84,0
1987-09-01T04:00:00.000Z,2682,2695.5,2469,2596.3,-2.5,-3.2,0
1987-10-01T04:00:00.000Z,2622.9,2662.4,1616.2,1993.5,-23.22,-23.91,0
1987-11-02T05:00:00.000Z,1993.2,2027.5,1795.3,1833.6,-8.02,-8.71,0
1987-12-01T05:00:00.000Z,1852.1,2019.6,1733.9,1938.8,5.74,5.05,0
1988-01-01T05:00:00.000Z,1992.7,2075.3,1846,1958.2,1,0.3088,"43,297"
1988-02-01T05:00:00.000Z,1963,2078.1,1878.2,2071.6,5.79,5.1,"46,433"
1988-03-01T05:00:00.000Z,2068.8,2110.9,1951.3,1988.1,-4.03,-4.72,"43,171"
1988-04-01T05:00:00.000Z,2004,2121.4,1968,2032.3,2.22,1.53,"41,358"
1988-05-02T04:00:00.000Z,2026.2,2072,1921.6,2031.1,-0.059,-0.7509,"40,522"
1988-06-01T04:00:00.000Z,2044.5,2169.1,2021.3,2141.7,5.45,4.75,"48,609"
1988-07-01T04:00:00.000Z,2134.8,2169.5,2047.3,2128.7,-0.607,-1.3,"31,892"
1988-08-01T04:00:00.000Z,2128.2,2151.9,1978.7,2031.7,-4.56,-5.25,"36,740"
1988-09-01T04:00:00.000Z,2008.9,2140.3,1988.4,2112.9,4,3.3,"33,131"
1988-10-03T04:00:00.000Z,2094.8,2195.1,2082.3,2148.7,1.69,1,"38,784"
1988-11-01T05:00:00.000Z,2153.6,2186,2026.7,2114.5,-1.59,-2.28,"33,230"
1988-12-01T05:00:00.000Z,2111.1,2193.8,2075.4,2168.6,2.56,1.87,"30,248"
1989-01-02T05:00:00.000Z,2154.5,2350.2,2127.1,2342.3,8.01,7.32,"43,780"
1989-02-01T05:00:00.000Z,2345,2369.3,2232.1,2258.4,-3.58,-4.27,"39,456"
1989-03-01T05:00:00.000Z,2265,2351.1,2234.5,2293.6,1.56,0.8668,"40,763"
1989-04-03T04:00:00.000Z,2298,2433.1,2282.1,2418.8,5.46,4.77,"36,927"
1989-05-01T04:00:00.000Z,2400.7,2521.6,2356.3,2480.2,2.54,1.85,"46,134"
1989-06-01T04:00:00.000Z,2484.7,2545,2412.9,2440.1,-1.62,-2.31,"51,736"
1989-07-03T04:00:00.000Z,2449.4,2668.3,2431.5,2660.7,9.04,8.35,"36,347"
1989-08-01T04:00:00.000Z,2658.2,2758.7,2626.3,2737.2,2.88,2.18,"47,821"
1989-09-01T04:00:00.000Z,2732.3,2766.9,2646.2,2692.8,-1.62,-2.31,"36,559"
1989-10-02T04:00:00.000Z,2713.7,2808.1,2548.7,2645,-1.78,-2.47,"54,649"
1989-11-01T05:00:00.000Z,2641.8,2718.2,2563.1,2706.2,2.31,1.62,"36,016"
1989-12-01T05:00:00.000Z,2712.8,2784.7,2658.7,2753.2,1.74,1.04,"37,131"
1990-01-01T05:00:00.000Z,2748.7,2834,2513.2,2590.5,-5.91,-6.6,"47,484"
1990-02-01T05:00:00.000Z,2594.1,2674.3,2540.9,2627.2,1.42,0.7249,"35,411"
1990-03-01T05:00:00.000Z,2621.4,2775,2607.8,2706.9,3.03,2.34,"42,816"
1990-04-02T04:00:00.000Z,2682.4,2793.4,2627.7,2656.7,-1.85,-2.55,"42,222"
1990-05-01T04:00:00.000Z,2664.6,2908.2,2651.3,2876.6,8.28,7.59,"43,896"
1990-06-01T04:00:00.000Z,2900.9,2956.9,2821.5,2880.6,0.1391,-0.5528,"43,104"
1990-07-02T04:00:00.000Z,2883.1,3024.2,2833.1,2905.4,0.8609,0.1691,"42,242"
1990-08-01T04:00:00.000Z,2909.9,2931.1,2459.4,2614.3,-10.02,-10.71,"59,141"
1990-09-03T04:00:00.000Z,2591.3,2665.3,2367.8,2452.4,-6.19,-6.88,"36,330"
1990-10-01T04:00:00.000Z,2471.2,2565.3,2344.3,2442.3,-0.4118,-1.1,"48,300"
1990-11-01T05:00:00.000Z,2442.8,2581.1,2415.5,2560.4,4.84,4.14,"38,325"
1990-12-03T05:00:00.000Z,2568.3,2662.6,2534.6,2633.6,2.86,2.17,"33,355"
1991-01-01T05:00:00.000Z,2627.2,2747.2,2448.2,2736.4,3.9,3.21,"47,502"
1991-02-01T05:00:00.000Z,2735.4,2955.2,2697,2882.1,5.32,4.63,"53,865"
1991-03-01T05:00:00.000Z,2862.6,3017.8,2829.2,2913.9,1.1,0.4115,"46,600"
1991-04-01T05:00:00.000Z,2902,3030.4,2848.5,2887.9,-0.8923,-1.58,"46,265"
1991-05-01T04:00:00.000Z,2901.5,3044.5,2834.5,3027.5,4.83,4.14,"42,685"
1991-06-03T04:00:00.000Z,3023,3057.5,2883.7,2906.8,-3.99,-4.68,"38,415"
1991-07-01T04:00:00.000Z,2925.5,3039.6,2897.4,3024.8,4.06,3.37,"36,838"
1991-08-01T04:00:00.000Z,3022.8,3068.6,2836.3,3043.6,0.6215,-0.0703,"42,405"
1991-09-02T04:00:00.000Z,3043.6,3061.1,2963.1,3016.77,-0.8815,-1.57,"37,274"
1991-10-01T04:00:00.000Z,3016.77,3091.01,2925.54,3069.1,1.73,1.04,"45,296"
1991-11-01T05:00:00.000Z,3069.1,3091.91,2869.19,2894.68,-5.68,-6.37,"38,603"
1991-12-02T05:00:00.000Z,2893.11,3187.84,2839,3168.83,9.47,8.78,"45,516"
1992-01-01T05:00:00.000Z,3168.83,3299.42,3139.09,3223.39,1.72,1.03,"55,636"
1992-02-03T05:00:00.000Z,3223.39,3293.16,3208.18,3267.66,1.37,0.6816,"41,116"
1992-03-02T05:00:00.000Z,3266.32,3299.42,3188.73,3235.46,-0.9854,-1.68,"38,704"
1992-04-01T05:00:00.000Z,3235.47,3366.5,3161,3359.12,3.82,3.13,"44,152"
1992-05-01T04:00:00.000Z,3358.45,3420.21,3324.46,3396.88,1.12,0.4323,"37,346"
1992-06-01T04:00:00.000Z,3397.39,3422.28,3254.05,3318.52,-2.31,-3,"47,550"
1992-07-01T04:00:00.000Z,3318.52,3402.96,3267.07,3393.78,2.27,1.58,"44,209"
1992-08-03T04:00:00.000Z,3393.78,3399.99,3207.37,3257.35,-4.02,-4.71,"36,336"
1992-09-01T04:00:00.000Z,3257.35,3376.49,3233.84,3271.66,0.4393,-0.2525,"43,655"
1992-10-01T04:00:00.000Z,3271.66,3280.58,3095.79,3226.28,-1.39,-2.08,"52,378"
1992-11-02T05:00:00.000Z,3224.66,3308.41,3184.67,3305.16,2.44,1.75,"45,235"
1992-12-01T05:00:00.000Z,3305.16,3352.71,3248.16,3301.11,-0.1225,-0.8144,"48,441"
1993-01-01T05:00:00.000Z,3301.11,3320.83,3231.95,3310.03,0.2702,-0.4216,"58,320"
1993-02-01T05:00:00.000Z,3310.03,3456.19,3267.07,3370.81,1.84,1.14,"57,751"
1993-03-01T05:00:00.000Z,3370.81,3482.12,3343.53,3435.11,1.91,1.22,"58,610"
1993-04-01T05:00:00.000Z,3435.11,3481.58,3363.79,3427.55,-0.2201,-0.9119,"64,598"
1993-05-03T04:00:00.000Z,3427.55,3565.07,3415.88,3527.43,2.91,2.22,"47,265"
1993-06-01T04:00:00.000Z,3527.15,3569.5,3462.66,3516.08,-0.3218,-1.01,"46,115"
1993-07-01T04:00:00.000Z,3516.08,3583.9,3449.93,3539.47,0.6652,-0.0266,"50,096"
1993-08-02T04:00:00.000Z,3538.08,3663.83,3536.96,3651.25,3.16,2.47,"52,661"
1993-09-01T04:00:00.000Z,3651.25,3655.72,3528.85,3555.12,-2.63,-3.32,"48,780"
1993-10-01T04:00:00.000Z,3555.12,3708.82,3554,3680.59,3.53,2.84,"52,913"
1993-11-01T05:00:00.000Z,3679.2,3718.04,3600.67,3683.95,0.0913,-0.6006,"56,668"
1993-12-01T05:00:00.000Z,3683.95,3799.64,3683.95,3754.09,1.9,1.21,"50,136"
1994-01-03T05:00:00.000Z,3753.53,3985.67,3743.1,3978.36,5.97,5.28,"61,954"
1994-02-01T05:00:00.000Z,3976.39,3981.73,3826.68,3832.02,-3.68,-4.37,"50,857"
1994-03-01T05:00:00.000Z,3832.02,3895.94,3559.67,3635.96,-5.12,-5.81,"66,747"
1994-04-01T05:00:00.000Z,3635.39,3710.25,3520.8,3681.69,1.26,0.5659,"56,670"
1994-05-02T04:00:00.000Z,3678.12,3773.1,3623.1,3758.37,2.08,1.39,"50,557"
1994-06-01T04:00:00.000Z,3758.06,3823.39,3610.4,3624.96,-3.55,-4.24,"53,700"
1994-07-01T04:00:00.000Z,3624.32,3770,3623.02,3764.5,3.85,3.16,"45,082"
1994-08-01T04:00:00.000Z,3762.88,3939.32,3736.66,3913.42,3.96,3.26,"62,518"
1994-09-01T04:00:00.000Z,3913.42,3954.89,3820.31,3843.19,-1.79,-2.49,"59,149"
1994-10-03T04:00:00.000Z,3842.51,3949.5,3748.31,3908.12,1.69,0.9976,"63,627"
1994-11-01T05:00:00.000Z,3908.12,3908.12,3638.97,3739.22,-4.32,-5.01,"61,328"
1994-12-01T05:00:00.000Z,3739.22,3866.4,3655.11,3834.44,2.55,1.85,"53,341"
1995-01-02T05:00:00.000Z,3834.44,3936.72,3794.4,3843.86,0.2457,-0.4462,"61,577"
1995-02-01T05:00:00.000Z,3841.5,4021.43,3831.41,4011.05,4.35,3.66,"53,985"
1995-03-01T05:00:00.000Z,4009.67,4198.5,3945.69,4157.69,3.66,2.96,"70,257"
1995-04-03T04:00:00.000Z,4157,4328.19,4155.27,4321.27,3.93,3.24,"54,754"
1995-05-01T04:00:00.000Z,4321.27,4465.14,4301.9,4465.14,3.33,2.64,"68,994"
1995-06-01T04:00:00.000Z,4465.14,4592.76,4407.04,4556.1,2.04,1.35,"63,214"
1995-07-03T04:00:00.000Z,4556.1,4746.85,4551.6,4708.47,3.34,2.65,"66,557"
1995-08-01T04:00:00.000Z,4708.47,4754.6,4570.76,4610.56,-2.08,-2.77,"62,301"
1995-09-01T04:00:00.000Z,4611.96,4816.54,4607.03,4789.08,3.87,3.18,"70,270"
1995-10-02T04:00:00.000Z,4789.08,4816.54,4660.47,4755.48,-0.7016,-1.39,"65,877"
1995-11-01T05:00:00.000Z,4755.48,5143.1,4744.64,5074.5,6.71,6.02,"59,897"
1995-12-01T05:00:00.000Z,5090.8,5266.7,5016.7,5117.1,0.8395,0.1477,"60,228"
1996-01-01T05:00:00.000Z,5156.9,5433.2,5000.1,5395.3,5.44,4.74,"85,155"
1996-02-01T05:00:00.000Z,5395.3,5693.4,5319.4,5485.6,1.67,0.9818,"77,558"
1996-03-01T05:00:00.000Z,5467.6,5755.86,5395.3,5587.14,1.85,1.16,"83,113"
1996-04-01T05:00:00.000Z,5587.14,5737.07,5382.66,5569.08,-0.3232,-1.02,"75,653"
1996-05-01T04:00:00.000Z,5569.08,5833.04,5327.74,5643.18,1.33,0.6387,"80,191"
1996-06-03T04:00:00.000Z,5643.18,5770.61,5559.69,5654.63,0.2029,-0.4889,"64,778"
1996-07-01T04:00:00.000Z,5654.63,5769.88,5170.11,5528.91,-2.22,-2.92,"77,987"
1996-08-01T04:00:00.000Z,5528.91,5761.95,5507.83,5616.21,1.58,0.8871,"61,581"
1996-09-02T04:00:00.000Z,5616.21,5938.76,5550.37,5882.17,4.74,4.04,"64,932"
1996-10-01T04:00:00.000Z,5882.17,6162.8,5833.72,6029.38,2.5,1.81,"76,129"
1996-11-01T05:00:00.000Z,6029.38,6606.3,5975.34,6521.7,8.17,7.47,"74,154"
1996-12-02T05:00:00.000Z,6521.7,6623.96,6206.83,6448.27,-1.13,-1.82,"78,118"
1997-01-01T05:00:00.000Z,6448.27,6953.55,6318.96,6813.09,5.66,4.97,"100,392"
1997-02-03T05:00:00.000Z,6813.09,7112.87,6683.4,6877.74,0.9489,0.2571,"76,600"
1997-03-03T05:00:00.000Z,6877.74,7158.28,6532.49,6583.48,-4.28,-4.97,"94,917"
1997-04-01T05:00:00.000Z,6583.48,7081.23,6315.84,7008.99,6.46,5.77,"109,883"
1997-05-01T04:00:00.000Z,7008.99,7430.2,6891.39,7331.04,4.59,3.9,"104,659"
1997-06-02T04:00:00.000Z,7331.04,7868.44,7214.29,7672.79,4.66,3.97,"108,674"
1997-07-01T04:00:00.000Z,7672.79,8328.99,7613.53,8222.61,7.17,6.47,"126,504"
1997-08-01T04:00:00.000Z,8222.61,8340.14,7580.85,7622.42,-7.3,-7.99,"112,318"
1997-09-01T04:00:00.000Z,7650.99,8078.36,7556.23,7945.26,4.24,3.54,"121,553"
1997-10-01T04:00:00.000Z,7945.26,8218.34,6933.01,7442.08,-6.33,-7.02,"160,503"
1997-11-03T05:00:00.000Z,7503.48,7934.53,7334.77,7823.13,5.12,4.43,"106,828"
1997-12-01T05:00:00.000Z,7823.62,8209.56,7563.23,7908.25,1.09,0.3962,"115,606"
1998-01-01T05:00:00.000Z,7908.25,8072.91,7391.59,7906.5,-0.0221,-0.714,"132,428"
1998-02-02T05:00:00.000Z,7987.46,8616.72,7987.46,8545.72,8.08,7.39,"103,147"
1998-03-02T05:00:00.000Z,8545.72,8997.11,8377.32,8799.81,2.97,2.28,"119,188"
1998-04-01T05:00:00.000Z,8799.81,9213.33,8748.74,9063.37,3,2.3,"138,797"
1998-05-01T04:00:00.000Z,9066.61,9261.91,8788.1,8899.95,-1.8,-2.49,"107,254"
1998-06-01T04:00:00.000Z,8899.95,9104.72,8569.88,8952.02,0.5851,-0.1068,"128,758"
1998-07-01T04:00:00.000Z,8958.99,9367.84,8816.09,8883.29,-0.7678,-1.46,"149,862"
1998-08-03T04:00:00.000Z,8883.29,8886.12,7539.07,7539.07,-15.13,-15.82,"164,166"
1998-09-01T04:00:00.000Z,7539.07,8182.47,7400.3,7842.62,4.03,3.33,"189,716"
1998-10-01T04:00:00.000Z,7841.33,8659.81,7467.49,8592.1,9.56,8.86,"191,633"
1998-11-02T05:00:00.000Z,8595.7,9380.2,8595.7,9124.28,6.19,5.5,"138,905"
1998-12-01T05:00:00.000Z,9124.28,9334.88,8676.03,9201.26,0.8437,0.1518,"148,900"
1999-01-01T05:00:00.000Z,9201.26,9647.96,9063.26,9358.83,1.71,1.02,"174,650"
1999-02-01T05:00:00.000Z,9358.83,9611.33,9099.04,9306.58,-0.5583,-1.25,"154,522"
1999-03-01T05:00:00.000Z,9306.58,10085,9211.23,9786.16,5.15,4.46,"194,838"
1999-04-01T05:00:00.000Z,9786.16,10962,9765.63,10789,10.25,9.56,"209,694"
1999-05-03T04:00:00.000Z,11015,11131,10434,10560,-2.13,-2.82,"184,273"
1999-06-01T04:00:00.000Z,10560,11003,10409,10971,3.89,3.2,"176,690"
1999-07-01T04:00:00.000Z,10971,11252,10648,10655,-2.88,-3.57,"167,194"
1999-08-02T04:00:00.000Z,10655,11366,10549,10829,1.63,0.9424,"181,984"
1999-09-01T04:00:00.000Z,10829,11142,10081,10337,-4.55,-5.24,"175,192"
1999-10-01T04:00:00.000Z,10336,10790,9976.02,10732,3.82,3.13,"229,394"
1999-11-01T05:00:00.000Z,10696,11113,10536,10878,1.36,0.6691,"325,062"
1999-12-01T05:00:00.000Z,10875,11569,10860,11497,5.69,5,"316,596"
2000-01-03T05:00:00.000Z,11495,11750,10702,10941,-4.84,-5.53,"382,613"
2000-02-01T05:00:00.000Z,10952,11119,9836.06,10128,-7.42,-8.12,"366,040"
2000-03-01T05:00:00.000Z,10164,11235,9731.81,10922,7.84,7.14,"475,444"
2000-04-03T04:00:00.000Z,10922,11425,10202,10734,-1.72,-2.41,"404,973"
2000-05-01T04:00:00.000Z,10734,10971,10259,10522,-1.97,-2.66,"381,700"
2000-06-01T04:00:00.000Z,10550,10863,10335,10448,-0.7074,-1.4,"378,972"
2000-07-03T04:00:00.000Z,10435,10875,10393,10522,0.7091,0.0173,"324,887"
2000-08-01T04:00:00.000Z,10522,11319,10517,11215,6.59,5.9,"362,074"
2000-09-01T04:00:00.000Z,11277,11401,10567,10651,-5.03,-5.72,"464,119"
2000-10-02T04:00:00.000Z,10682,10995,9654.64,10971,3.01,2.31,"625,602"
2000-11-01T05:00:00.000Z,10917,11007,10292,10414,-5.07,-5.77,"468,031"
2000-12-01T05:00:00.000Z,10449,10918,10299,10788,3.59,2.89,"520,668"
2001-01-01T05:00:00.000Z,10703,11028,10468,10887,0.9211,0.2293,"582,598"
2001-02-01T05:00:00.000Z,10893,11035,10294,10495,-3.6,-4.29,"416,478"
2001-03-01T05:00:00.000Z,10440,10860,9106.54,9878.78,-5.87,-6.57,"604,498"
2001-04-02T04:00:00.000Z,9877.16,10906,9375.72,10735,8.67,7.98,"517,702"
2001-05-01T04:00:00.000Z,10734,11350,10673,10912,1.65,0.9567,"451,808"
2001-06-01T04:00:00.000Z,10914,11197,10395,10502,-3.75,-4.44,"488,632"
2001-07-02T04:00:00.000Z,10505,10679,10121,10523,0.1943,-0.4975,"460,589"
2001-08-01T04:00:00.000Z,10527,10610,9869.14,9949.75,-5.45,-6.14,"408,340"
2001-09-03T04:00:00.000Z,9946.98,10182,8062.34,8847.56,-11.08,-11.77,"555,503"
2001-10-01T04:00:00.000Z,8845.97,9598.17,8732.14,9075.14,2.57,1.88,"572,203"
2001-11-01T05:00:00.000Z,9087.45,9992.79,9014.46,9851.56,8.56,7.86,"466,480"
2001-12-03T05:00:00.000Z,9848.93,10184,9703.9,10022,1.73,1.03,"426,619"
2002-01-01T05:00:00.000Z,10022,10300,9529.46,9920,-1.01,-1.7,"495,576"
2002-02-01T05:00:00.000Z,9923.04,10255,9580.32,10106,1.88,1.18,"465,180"
2002-03-01T05:00:00.000Z,10111,10673,10111,10404,2.95,2.25,"455,995"
2002-04-01T05:00:00.000Z,10402,10402,9811.57,9946.22,-4.4,-5.09,"511,185"
2002-05-01T04:00:00.000Z,9944.9,10353,9802.23,9925.25,-0.2108,-0.9027,"480,080"
2002-06-03T04:00:00.000Z,9923.94,9986.49,8926.57,9243.26,-6.87,-7.56,"579,707"
2002-07-01T04:00:00.000Z,9239.25,9410.38,7532.66,8736.59,-5.48,-6.17,"766,282"
2002-08-01T04:00:00.000Z,8732.58,9077.01,8030.82,8663.5,-0.8366,-1.53,"559,136"
2002-09-02T04:00:00.000Z,8659.27,8726.9,7460.78,7591.93,-12.37,-13.06,"560,183"
2002-10-01T04:00:00.000Z,7593.04,8558.63,7197.49,8397.03,10.6,9.91,"749,883"
2002-11-01T05:00:00.000Z,8395.64,8950.33,8298.68,8896.09,5.94,5.25,"534,295"
2002-12-02T05:00:00.000Z,8902.95,9043.37,8242.91,8341.63,-6.23,-6.92,"460,722"
2003-01-01T05:00:00.000Z,8342.38,8869.29,7917.16,8053.81,-3.45,-4.14,"542,661"
2003-02-03T05:00:00.000Z,8053.74,8152.53,7628.99,7891.08,-2.02,-2.71,"441,832"
2003-03-03T05:00:00.000Z,7890.24,8522.18,7416.64,7992.13,1.28,0.5887,"561,629"
2003-04-01T05:00:00.000Z,7992.83,8559.77,7979.69,8480.09,6.11,5.41,"512,858"
2003-05-01T04:00:00.000Z,8478.48,8868.33,8340.23,8850.26,4.37,3.67,"486,585"
2003-06-02T04:00:00.000Z,8851.45,9352.77,8851.45,8985.44,1.53,0.8356,"498,786"
2003-07-01T04:00:00.000Z,8983.66,9361.4,8871.2,9233.8,2.76,2.07,"491,139"
2003-08-01T04:00:00.000Z,9232.68,9499.97,8997.11,9415.82,1.97,1.28,"381,305"
2003-09-01T04:00:00.000Z,9416.67,9686.08,9230.47,9275.06,-1.49,-2.19,"438,545"
2003-10-01T04:00:00.000Z,9276.8,9850.01,9276.8,9801.12,5.67,4.98,"479,469"
2003-11-03T05:00:00.000Z,9802.46,9903.57,9585.5,9782.46,-0.1904,-0.8822,"354,852"
2003-12-01T05:00:00.000Z,9785.35,10462,9785.35,10454,6.86,6.17,"417,369"
2004-01-01T05:00:00.000Z,10453,10705,10367,10488,0.3267,-0.3652,"438,052"
2004-02-02T05:00:00.000Z,10488,10754,10435,10584,0.9139,0.2221,"381,976"
2004-03-01T05:00:00.000Z,10582,10696,10007,10358,-2.14,-2.83,"496,669"
2004-04-01T05:00:00.000Z,10358,10571,10219,10226,-1.28,-1.97,"453,000"
2004-05-03T04:00:00.000Z,10227,10386,9852.19,10188,-0.363,-1.05,"401,681"
2004-06-01T04:00:00.000Z,10187,10488,10135,10435,2.42,1.73,"411,110"
2004-07-01T04:00:00.000Z,10434,10448,9913.92,10140,-2.83,-3.53,"445,219"
2004-08-02T04:00:00.000Z,10138,10211,9783.91,10174,0.3374,-0.3545,"372,181"
2004-09-01T04:00:00.000Z,10170,10363,9977.92,10080,-0.9205,-1.61,"462,664"
2004-10-01T04:00:00.000Z,10082,10270,9708.4,10027,-0.5238,-1.22,"529,291"
2004-11-01T05:00:00.000Z,10029,10603,10010,10428,3.99,3.3,"560,753"
2004-12-01T05:00:00.000Z,10426,10868,10419,10783,3.4,2.71,"574,468"
2005-01-03T05:00:00.000Z,10784,10867,10369,10490,-2.72,-3.41,"530,193"
2005-02-01T05:00:00.000Z,10490,10853,10490,10766,2.63,1.94,"503,859"
2005-03-01T05:00:00.000Z,10769,10984,10396,10504,-2.44,-3.13,"582,012"
2005-04-01T05:00:00.000Z,10505,10569,10000,10193,-2.96,-3.66,"585,225"
2005-05-02T04:00:00.000Z,10192,10561,10076,10467,2.7,2.01,"484,300"
2005-06-01T04:00:00.000Z,10463,10656,10253,10275,-1.84,-2.53,"502,720"
2005-07-01T04:00:00.000Z,10274,10718,10175,10641,3.56,2.87,"482,122"
2005-08-01T04:00:00.000Z,10642,10719,10349,10482,-1.5,-2.19,"508,237"
2005-09-01T04:00:00.000Z,10481,10702,10351,10569,0.831,0.1391,"521,971"
2005-10-03T04:00:00.000Z,10570,10609,10156,10440,-1.22,-1.91,"582,902"
2005-11-01T05:00:00.000Z,10438,10960,10389,10806,3.5,2.81,"538,501"
2005-12-01T05:00:00.000Z,10806,10940,10709,10718,-0.8178,-1.51,"522,390"
2006-01-02T05:00:00.000Z,10718,11048,10661,10865,1.37,0.6831,"642,551"
2006-02-01T05:00:00.000Z,10862,11159,10738,10993,1.18,0.4913,"575,910"
2006-03-01T05:00:00.000Z,10993,11335,10923,11109,1.05,0.3625,"668,018"
2006-04-03T04:00:00.000Z,11113,11418,11039,11367,2.32,1.63,"558,404"
2006-05-01T04:00:00.000Z,11368,11670,11030,11168,-1.75,-2.44,"729,765"
2006-06-01T04:00:00.000Z,11169,11286,10699,11150,-0.162,-0.8538,"691,533"
2006-07-03T04:00:00.000Z,11149,11257,10683,11186,0.318,-0.3738,"554,866"
2006-08-01T04:00:00.000Z,11185,11407,11043,11381,1.75,1.06,"461,940"
2006-09-01T04:00:00.000Z,11383,11742,11324,11679,2.62,1.93,"449,489"
2006-10-02T04:00:00.000Z,11679,12167,11653,12081,3.44,2.75,"554,322"
2006-11-01T05:00:00.000Z,12080,12361,11965,12222,1.17,0.477,"472,284"
2006-12-01T05:00:00.000Z,12221,12530,12090,12463,1.97,1.28,"433,661"
2007-01-01T05:00:00.000Z,12460,12657,12337,12622,1.27,0.5802,"499,260"
2007-02-01T05:00:00.000Z,12617,12796,12086,12269,-2.8,-3.49,"434,741"
2007-03-01T05:00:00.000Z,12266,12511,11940,12354,0.6987,0.0069,"563,285"
2007-04-02T04:00:00.000Z,12355,13162,12324,13063,5.74,5.04,"481,981"
2007-05-01T04:00:00.000Z,13063,13673,13041,13628,4.32,3.63,"499,262"
2007-06-01T04:00:00.000Z,13629,13692,13252,13409,-1.61,-2.3,"522,457"
2007-07-02T04:00:00.000Z,13410,14022,13200,13212,-1.47,-2.16,"551,206"
2007-08-01T04:00:00.000Z,13211,13696,12518,13358,1.1,0.4113,"619,912"
2007-09-03T04:00:00.000Z,13358,13925,13022,13896,4.03,3.33,"432,841"
2007-10-01T04:00:00.000Z,13896,14198,13407,13930,0.2474,-0.4444,"501,093"
2007-11-01T04:00:00.000Z,13924,13924,12724,13372,-4.01,-4.7,"598,023"
2007-12-03T05:00:00.000Z,13368,13780,13092,13265,-0.7994,-1.49,"431,031"
2008-01-01T05:00:00.000Z,13262,13280,11635,12650,-4.63,-5.32,"745,982"
2008-02-01T05:00:00.000Z,12638,12768,12069,12266,-3.04,-3.73,"572,033"
2008-03-03T05:00:00.000Z,12264,12622,11732,12263,-0.0285,-0.7204,"622,902"
2008-04-01T04:00:00.000Z,12267,13010,12266,12820,4.54,3.85,"505,081"
2008-05-01T04:00:00.000Z,12818,13137,12443,12638,-1.42,-2.11,"453,079"
2008-06-02T04:00:00.000Z,12638,12638,11288,11350,-10.19,-10.89,"530,993"
2008-07-01T04:00:00.000Z,11345,11698,10828,11378,0.2468,-0.4451,"552,344"
2008-08-01T04:00:00.000Z,11380,11867,11222,11544,1.45,0.763,"357,822"
2008-09-01T04:00:00.000Z,11546,11790,10365,10851,-6,-6.69,"630,232"
2008-10-01T04:00:00.000Z,10847,10883,7882.51,9325.01,-14.06,-14.75,"831,157"
2008-11-03T05:00:00.000Z,9326.04,9653.95,7449.38,8829.04,-5.32,-6.01,"626,288"
2008-12-01T05:00:00.000Z,8826.89,9026.41,8118.5,8776.39,-0.5963,-1.29,"521,673"
2009-01-01T05:00:00.000Z,8772.25,9088.06,7909.03,8000.86,-8.84,-9.53,"626,196"
2009-02-02T05:00:00.000Z,8000.62,8315.07,7033.62,7062.93,-11.72,-12.41,"713,434"
2009-03-02T05:00:00.000Z,7056.48,7931.33,6469.95,7608.92,7.73,7.04,"1,056,106"
2009-04-01T04:00:00.000Z,7606.13,8307.51,7483.87,8168.12,7.35,6.66,"779,591"
2009-05-01T04:00:00.000Z,8167.41,8591.93,8099.31,8500.33,4.07,3.38,"673,439"
2009-06-01T04:00:00.000Z,8501.53,8877.93,8259.43,8447,-0.6274,-1.32,"552,410"
2009-07-01T04:00:00.000Z,8447.53,9246.43,8087.19,9171.61,8.58,7.89,"490,233"
2009-08-03T04:00:00.000Z,9173.65,9630.2,9116.52,9496.28,3.54,2.85,"404,219"
2009-09-01T04:00:00.000Z,9492.32,9917.99,9252.93,9712.28,2.27,1.58,"447,850"
2009-10-01T04:00:00.000Z,9711.6,10119,9430.08,9712.73,0.0046,-0.6872,"515,115"
2009-11-02T05:00:00.000Z,9712.13,10496,9678.95,10345,6.51,5.82,"381,353"
2009-12-01T05:00:00.000Z,10344,10580,10236,10428,0.8044,0.1125,"417,401"
2010-01-01T05:00:00.000Z,10431,10730,10044,10067,-3.46,-4.15,"438,803"
2010-02-01T05:00:00.000Z,10069,10439,9835.09,10325,2.56,1.87,"427,967"
2010-03-01T05:00:00.000Z,10326,10955,10326,10857,5.15,4.45,"438,852"
2010-04-01T04:00:00.000Z,10857,11258,10844,11009,1.4,0.708,"423,751"
2010-05-03T04:00:00.000Z,11010,11178,9774.48,10137,-7.92,-8.61,"560,568"
2010-06-01T04:00:00.000Z,10134,10594,9753.84,9774.02,-3.58,-4.27,"494,169"
2010-07-01T04:00:00.000Z,9773.27,10585,9614.32,10466,7.08,6.39,"419,901"
2010-08-02T04:00:00.000Z,10469,10720,9936.62,10015,-4.31,-5,"411,752"
2010-09-01T04:00:00.000Z,10016,10949,10016,10788,7.72,7.03,"376,496"
2010-10-01T04:00:00.000Z,10790,11248,10711,11118,3.06,2.37,"378,726"
2010-11-01T04:00:00.000Z,11120,11452,10929,11006,-1.01,-1.7,"380,812"
2010-12-01T05:00:00.000Z,11007,11625,11007,11578,5.19,4.5,"325,332"
2011-01-03T05:00:00.000Z,11577,12021,11574,11892,2.72,2.02,"368,174"
2011-02-01T05:00:00.000Z,11893,12391,11893,12226,2.81,2.12,"322,048"
2011-03-01T05:00:00.000Z,12226,12383,11555,12320,0.7638,0.072,"385,182"
2011-04-01T04:00:00.000Z,12321,12833,12094,12811,3.98,3.29,"332,111"
2011-05-02T04:00:00.000Z,12810,12876,12310,12570,-1.88,-2.57,"357,801"
2011-06-01T04:00:00.000Z,12569,12569,11863,12414,-1.24,-1.93,"387,645"
2011-07-01T04:00:00.000Z,12412,12754,12083,12143,-2.18,-2.88,"309,246"
2011-08-01T04:00:00.000Z,12144,12282,10604,11614,-4.36,-5.05,"620,324"
2011-09-01T04:00:00.000Z,11613,11717,10597,10913,-6.03,-6.72,"439,650"
2011-10-03T04:00:00.000Z,10912,12284,10404,11955,9.54,8.85,"390,775"
2011-11-01T04:00:00.000Z,11952,12188,11232,12046,0.7584,0.0666,"339,692"
2011-12-01T05:00:00.000Z,12046,12328,11735,12218,1.43,0.7351,"314,769"
2012-01-02T05:00:00.000Z,12221,12842,12221,12633,3.4,2.71,"298,319"
2012-02-01T05:00:00.000Z,12633,13056,12633,12952,2.53,1.83,"271,218"
2012-03-01T05:00:00.000Z,12952,13289,12735,13212,2.01,1.32,"320,339"
2012-04-02T04:00:00.000Z,13211,13297,12711,13214,0.012,-0.6798,"257,490"
2012-05-01T04:00:00.000Z,13214,13339,12312,12393,-6.21,-6.9,"305,000"
2012-06-01T04:00:00.000Z,12392,12899,12035,12880,3.93,3.23,"276,071"
2012-07-02T04:00:00.000Z,12880,13129,12492,13009,0.9984,0.3065,"257,813"
2012-08-01T04:00:00.000Z,13007,13331,12779,13091,0.6316,-0.0603,"218,351"
2012-09-03T04:00:00.000Z,13092,13653,12977,13437,2.65,1.95,"270,126"
2012-10-01T04:00:00.000Z,13438,13662,13040,13096,-2.54,-3.23,"247,259"
2012-11-01T04:00:00.000Z,13099,13291,12471,13026,-0.5412,-1.23,"268,393"
2012-12-03T05:00:00.000Z,13028,13366,12884,13104,0.6031,-0.0887,"266,673"
2013-01-01T05:00:00.000Z,13104,13970,13104,13861,5.77,5.08,"278,668"
2013-02-01T05:00:00.000Z,13861,14149,13784,14054,1.4,0.7072,"248,759"
2013-03-01T05:00:00.000Z,14054,14585,13938,14579,3.73,3.04,"254,632"
2013-04-01T04:00:00.000Z,14579,14888,14434,14840,1.79,1.1,"279,165"
2013-05-01T04:00:00.000Z,14840,15542,14687,15116,1.86,1.17,"277,151"
2013-06-03T04:00:00.000Z,15124,15340,14551,14910,-1.36,-2.05,"281,766"
2013-07-01T04:00:00.000Z,14912,15634,14859,15500,3.96,3.26,"257,304"
2013-08-01T04:00:00.000Z,15504,15658,14760,14810,-4.45,-5.14,"232,765"
2013-09-02T04:00:00.000Z,14802,15710,14777,15130,2.16,1.46,"237,152"
2013-10-01T04:00:00.000Z,15132,15721,14719,15546,2.75,2.06,"220,643"
2013-11-01T04:00:00.000Z,15558,16175,15522,16086,3.48,2.79,"182,104"
2013-12-02T05:00:00.000Z,16087,16588,15704,16577,3.05,2.36,"205,716"
2014-01-01T05:00:00.000Z,16572,16573,15618,15699,-5.3,-5.99,"217,714"
2014-02-03T05:00:00.000Z,15698,16399,15341,16322,3.97,3.28,"206,782"
2014-03-03T05:00:00.000Z,16322,16506,16047,16458,0.8329,0.1411,"209,594"
2014-04-01T04:00:00.000Z,16458,16632,16015,16581,0.7485,0.0566,"189,634"
2014-05-01T04:00:00.000Z,16580,16736,16341,16717,0.8222,0.1304,"156,427"
2014-06-02T04:00:00.000Z,16717,16978,16674,16827,0.6546,-0.0372,"112,687"
2014-07-01T04:00:00.000Z,16829,17152,16563,16563,-1.56,-2.26,"162,318"
2014-08-01T04:00:00.000Z,16562,17154,16334,17098,3.23,2.54,"140,017"
2014-09-01T04:00:00.000Z,17097,17351,16934,17043,-0.3249,-1.02,"187,054"
2014-10-01T04:00:00.000Z,17040,17396,15855,17391,2.04,1.35,"231,334"
2014-11-03T05:00:00.000Z,17391,17895,17278,17828,2.52,1.83,"143,601"
2014-12-01T05:00:00.000Z,17827,18103,17068,17823,-0.029,-0.7208,"213,783"
2015-01-01T05:00:00.000Z,17823,17952,17136,17165,-3.69,-4.38,"217,325"
2015-02-02T05:00:00.000Z,17170,18244,17038,18133,5.64,4.95,"175,125"
2015-03-02T05:00:00.000Z,18134,18289,17579,17776,-1.97,-2.66,"247,092"
2015-04-01T04:00:00.000Z,17779,18176,17585,17841,0.3623,-0.3296,"217,490"
2015-05-01T04:00:00.000Z,17859,18351,17733,18011,0.9538,0.2619,"183,245"
2015-06-01T04:00:00.000Z,18018,18189,17577,17620,-2.17,-2.86,"221,925"
2015-07-01T04:00:00.000Z,17638,18137,17399,17690,0.3993,-0.2926,"203,424"
2015-08-03T04:00:00.000Z,17697,17705,15370,16528,-6.57,-7.26,"272,632"
2015-09-01T04:00:00.000Z,16528,16933,15942,16285,-1.47,-2.16,"272,410"
2015-10-01T04:00:00.000Z,16279,17800,16014,17664,8.47,7.78,"260,670"
2015-11-02T05:00:00.000Z,17673,17978,17210,17720,0.3192,-0.3727,"229,889"
2015-12-01T05:00:00.000Z,17720,17902,17117,17425,-1.66,-2.36,"252,141"
2016-01-01T05:00:00.000Z,17405,17405,15451,16466,-5.5,-6.19,"284,407"
2016-02-01T05:00:00.000Z,16454,16796,15503,16517,0.3049,-0.387,"249,181"
2016-03-01T05:00:00.000Z,16546,17790,16546,17685,7.08,6.38,"240,776"
2016-04-01T04:00:00.000Z,17662,18168,17484,17774,0.5007,-0.1911,"209,663"
2016-05-02T04:00:00.000Z,17784,17935,17331,17787,0.0763,-0.6155,"187,903"
2016-06-01T04:00:00.000Z,17755,18016,17063,17930,0.8028,0.1109,"235,006"
2016-07-01T04:00:00.000Z,17924,18622,17713,18432,2.8,2.11,"181,659"
2016-08-01T04:00:00.000Z,18435,18668,18248,18401,-0.1701,-0.862,"169,576"
2016-09-01T04:00:00.000Z,18397,18552,17992,18308,-0.5039,-1.2,"210,121"
2016-10-03T04:00:00.000Z,18280,18400,17960,18142,-0.9052,-1.6,"179,391"
2016-11-01T04:00:00.000Z,18158,19225,17884,19124,5.41,4.72,"210,776"
2016-12-01T05:00:00.000Z,19149,19988,19139,19763,3.34,2.65,"595,247"
2017-01-02T05:00:00.000Z,19873,20126,19678,19864,0.5135,-0.1783,"648,288"
2017-02-01T05:00:00.000Z,19924,20851,19831,20812,4.77,4.08,"618,557"
2017-03-01T05:00:00.000Z,20957,21169,20413,20663,-0.716,-1.41,"694,201"
2017-04-03T04:00:00.000Z,20665,21071,20380,20941,1.34,0.6501,"539,262"
2017-05-01T04:00:00.000Z,20963,21112,20553,21009,0.3254,-0.3664,"661,356"
2017-06-01T04:00:00.000Z,21031,21535,20994,21350,1.62,0.9312,"721,458"
2017-07-03T04:00:00.000Z,21392,21930,21279,21891,2.54,1.84,"556,972"
2017-08-01T04:00:00.000Z,21961,22179,21600,21948,0.2603,-0.4316,"615,006"
2017-09-01T04:00:00.000Z,21982,22420,21710,22405,2.08,1.39,"634,214"
2017-10-02T04:00:00.000Z,22423,23485,22416,23377,4.34,3.65,"730,290"
2017-11-01T04:00:00.000Z,23443,24328,23243,24272,3.83,3.14,"733,564"
2017-12-01T05:00:00.000Z,24305,24876,23922,24719,1.84,1.15,"658,989"
2018-01-01T05:00:00.000Z,24809,26617,24742,26149,5.79,5.09,"911,694"
2018-02-01T05:00:00.000Z,26083,26307,23360,25029,-4.28,-4.98,"945,026"
2018-03-01T05:00:00.000Z,25024,25449,23509,24103,-3.7,-4.39,"887,304"
2018-04-02T04:00:00.000Z,24077,24859,23345,24163,0.2491,-0.4427,"806,454"
2018-05-01T04:00:00.000Z,24117,25086,23531,24416,1.05,0.3539,"727,803"
2018-06-01T04:00:00.000Z,24542,25403,23997,24271,-0.5915,-1.28,"741,111"
2018-07-02T04:00:00.000Z,24162,25587,24078,25415,4.71,4.02,"540,849"
2018-08-01T04:00:00.000Z,25462,26168,24966,25965,2.16,1.47,"563,542"
2018-09-03T04:00:00.000Z,25916,26769,25754,26458,1.9,1.21,"526,250"
2018-10-01T04:00:00.000Z,26598,26952,24122,25116,-5.07,-5.77,"837,337"
2018-11-01T04:00:00.000Z,25142,26278,24269,25538,1.68,0.9912,"722,696"
2018-12-03T05:00:00.000Z,25780,25980,21713,23327,-8.66,-9.35,"810,155"
2019-01-02T05:00:00.000Z,23059,25110,22638,25000,7.17,6.48,"718,920"
2019-02-01T05:00:00.000Z,25025,26241,24883,25916,3.67,2.97,"543,454"
2019-03-01T05:00:00.000Z,26020,26156,25208,25929,0.0489,-0.6429,"663,250"
2019-04-01T04:00:00.000Z,26075,26696,26063,26593,2.56,1.87,"585,458"
2019-05-01T04:00:00.000Z,26639,26689,24810,24815,-6.69,-7.38,"636,408"
2019-06-03T04:00:00.000Z,24830,26907,24681,26600,7.19,6.5,"554,436"
2019-07-01T04:00:00.000Z,26806,27399,26616,26864,0.9936,0.3018,"526,935"
2019-08-01T04:00:00.000Z,26880,27176,25340,26403,-1.72,-2.41,"623,865"
2019-09-03T04:00:00.000Z,26198,27307,25978,26917,1.95,1.25,"509,288"
2019-10-01T04:00:00.000Z,26963,27204,25743,27046,0.4807,-0.2111,"571,775"
2019-11-01T04:00:00.000Z,27143,28175,27143,28051,3.72,3.02,"497,699"
2019-12-02T05:00:00.000Z,28110,28702,27325,28538,1.74,1.04,"514,196"
2020-01-02T05:00:00.000Z,28639,29374,28170,28256,-0.9896,-1.68,"627,032"
2020-02-03T05:00:00.000Z,28320,29569,24681,25409,-10.07,-10.77,"705,103"
2020-03-02T05:00:00.000Z,25591,27102,18214,21917,-13.74,-14.44,"1,559,679"
2020-04-01T04:00:00.000Z,21227,24765,20735,24346,11.08,10.39,"987,639"
2020-05-01T04:00:00.000Z,24121,25759,22790,25383,4.26,3.57,"801,472"
2020-06-01T04:00:00.000Z,25343,27580,24843,25813,1.69,1,"902,288"
2020-07-01T04:00:00.000Z,25879,27071,25524,26428,2.38,1.69,"82,673,502"
2020-08-03T04:00:00.000Z,26542,28733,26534,28430,7.57,6.88,"750,583"
2020-09-01T04:00:00.000Z,28440,29199,26537,27782,-2.28,-2.97,"1,005,035"
2020-10-01T04:00:00.000Z,27941,28958,26144,26502,-4.61,-5.3,"850,590"
2020-11-02T05:00:00.000Z,26691,30117,26691,29639,11.84,11.15,"386,294"
2020-12-01T05:00:00.000Z,29798,30637,29599,30606,3.27,2.57,"81,729,193"
2021-01-04T05:00:00.000Z,30627,31272,29856,29983,-2.04,-2.73,"82,188,439"
2021-02-01T05:00:00.000Z,30055,32010,30015,30932,3.17,2.48,"67,716,495"
2021-03-01T05:00:00.000Z,31066,33259,30548,32982,6.62,5.93,"97,467,261"
2021-04-01T04:00:00.000Z,33055,34257,32985,33875,2.71,2.02,"68,838,411"
2021-05-03T04:00:00.000Z,33905,35092,33474,34529,1.93,1.24,"65,975,703"
2021-06-01T04:00:00.000Z,34584,34849,33272,34503,-0.078,-0.7699,"68,118,961"
2021-07-01T04:00:00.000Z,34507,35172,33742,34935,1.25,0.563,"67,149,100"
2021-08-02T04:00:00.000Z,34969,35631,34690,35361,1.22,0.5254,"56,552,676"
2021-09-01T04:00:00.000Z,35388,35475,33613,33844,-4.29,-4.98,"66,613,960"
2021-10-01T04:00:00.000Z,33931,35893,33786,35820,5.84,5.15,"67,746,909"
2021-11-01T04:00:00.000Z,35834,36566,34424,34484,-3.73,-4.42,"72,326,803"
2021-12-01T05:00:00.000Z,34679,36679,34007,36338,5.38,4.69,"83,843,882"
2022-01-03T05:00:00.000Z,36322,36953,33150,35132,-3.32,-4.01,"88,945,971"
2022-02-01T05:00:00.000Z,35151,35824,32273,33893,-3.53,-4.22,"73,608,016"
2022-03-01T05:00:00.000Z,33813,35372,32579,34678,2.32,1.63,"92,024,367"
2022-04-01T04:00:00.000Z,34741,35492,32913,32977,-4.91,-5.6,"71,924,191"
2022-05-02T04:00:00.000Z,32978,34118,30636,32990,0.0391,-0.6527,"89,651,005"
2022-06-01T04:00:00.000Z,33156,33272,29653,30775,-6.71,-7.41,"76,929,830"
2022-07-01T04:00:00.000Z,30738,32910,30144,32845,6.73,6.03,"63,853,450"
2022-08-01T04:00:00.000Z,32756,34281,31510,31510,-4.06,-4.76,"69,934,475"
2022-09-01T04:00:00.000Z,31455,32504,28716,28726,-8.84,-9.53,"78,173,362"
2022-10-03T04:00:00.000Z,28855,32890,28661,32733,13.95,13.26,"78,040,975"
2022-11-01T04:00:00.000Z,32863,34590,31727,34590,5.67,4.98,"72,924,793"
2022-12-01T05:00:00.000Z,34534,34712,32573,33147,-4.17,-4.86,"69,845,378"
2023-01-03T05:00:00.000Z,33149,34342,32812,34086,2.83,2.14,"68,107,430"
2023-02-01T05:00:00.000Z,34040,34335,32636,32657,-4.19,-4.89,"61,367,950"
2023-03-01T05:00:00.000Z,32656,33572,31430,33274,1.89,1.2,"81,121,466"
2023-04-03T04:00:00.000Z,33246,34105,33236,34098,2.48,1.78,"53,800,699"
2023-05-01T04:00:00.000Z,34117,34258,32587,32908,-3.49,-4.18,"66,924,536"
2023-06-01T04:00:00.000Z,32930,34589,32705,34408,4.56,3.86,"70,247,812"
2023-07-03T04:00:00.000Z,34370,35645,33706,35560,3.35,2.66,"64,218,240"
2023-08-01T04:00:00.000Z,35586,35679,34029,34722,-2.36,-3.05,"71,480,557"
2023-09-01T04:00:00.000Z,34876,34979,33306,33508,-3.5,-4.19,"62,414,909"
2023-10-02T04:00:00.000Z,33456,34148,32327,33053,-1.36,-2.05,"67,176,285"
2023-11-01T04:00:00.000Z,33082,35971,33011,35951,8.77,8.08,"63,093,288"
2023-12-01T05:00:00.000Z,35914,37779,35914,37690,4.84,4.14,"63,605,202"
2024-01-02T05:00:00.000Z,37566,38589,37123,38150,1.22,0.5307,"71,788,356"
2024-02-01T05:00:00.000Z,38175,39282,38040,38996,2.22,1.53,"63,233,703"
2024-03-01T05:00:00.000Z,38990,39889,38458,39807,2.08,1.39,"73,812,611"
2024-04-01T04:00:00.000Z,39808,39815,37612,38386,-3.57,-4.26,"73,484,694"
